{
  "swagger": "2.0",
  "info": {
    "title": "api.proto",
    "version": "version not set"
  },
  "schemes": [
    "http",
    "https"
  ],
  "consumes": [
    "application/json"
  ],
  "produces": [
    "application/json"
  ],
  "paths": {
    "/1/ping": {
      "post": {
        "operationId": "SayHello",
        "responses": {
          "200": {
            "description": "",
            "schema": {
              "$ref": "#/definitions/apiPingMessage"
            }
          }
        },
        "parameters": [
          {
            "name": "body",
            "in": "body",
            "required": true,
            "schema": {
              "$ref": "#/definitions/apiPingMessage"
            }
          }
        ],
        "tags": [
          "Ping"
        ]
      }
    }
  },
  "definitions": {
    "apiPingMessage": {
      "type": "object",
      "properties": {
        "greeting": {
          "type": "string"
        }
      }
    }
  }
}
