{
    "defaultSeverity": "error",
    "extends": [
        "tslint:recommended"
    ],
    "jsRules": {},
    "rules": {
        "class-name": true,
        "comment-format": false,
        "curly": true,
        "eofline": true,
        "forin": true,
        "indent": [
            true,
            "spaces"
        ],
        "label-position": true,
        "max-line-length": [
            true,
            250
        ],
        "no-arg": true,
        "no-bitwise": true,
        "no-console": [
            true,
            "debug",
            "trace"
        ],
        "no-construct": true,
        "no-debugger": true,
        "no-duplicate-variable": true,
        "no-empty": false,
        "no-eval": true,
        "no-inferrable-types": true,
        "no-shadowed-variable": true,
        "no-string-literal": false,
        "no-switch-case-fall-through": true,
        "no-var-requires": false,
        "no-unused-expression": true,
        "no-unused-variable": false,
        "no-use-before-declare": true,
        "object-literal-sort-keys": false,
        "one-line": [
            true,
            "check-open-brace",
            "check-catch",
            "check-else",
            "check-whitespace"
        ],
        "quotemark": [
            true,
            "single"
        ],
        "radix": true,
        "semicolon": true,
        "trailing-comma": false,
        "triple-equals": [
            true,
            "allow-null-check"
        ],
        "typedef-whitespace": [
            true,
            {
                "call-signature": "nospace",
                "index-signature": "nospace",
                "parameter": "nospace",
                "property-declaration": "nospace",
                "variable-declaration": "nospace"
            }
        ],
        "variable-name": false,
        "whitespace": [
            true,
            "check-branch",
            "check-decl",
            "check-operator",
            "check-separator"
        ]
    },
    "rulesDirectory": []
}
